"Format","AiM CSV File"
"Session","NO GPS"
"Vehicle","Pimp Mobile"
"Racer","Maries Mother"
"Championship","Your mom"
"Comment","2025-06-11"
"Date","Saturday, May 31, 2025"
"Time","11:56 AM"
"Sample Rate","20"
"Duration","12"
"Segment","Session"
"Beacon Markers","12"
"Segment Times","0:12.000"

"Time","Logger Temperature","External Voltage","Front Brake Pres","Rear Brake Pres","Gear Position","InlineAcc","LateralAcc","VerticalAcc","RollRate","PitchRate","YawRate","Luminosity","ECU RPM","ECU ECT","ECU IAT","ECU FUEL P","ECU MAP","ECU THROTTLE","ECU V BATT","EXHAUST LAMBDA"
"s","°C","V","bar","bar","gear","g","g","g","deg/s","deg/s","deg/s","%","rpm","°C","°C","bar","bar","%","V","lambda"

,"13.0938","11.2960","0.1366","0.2152","0.0000","0.0051","-0.0212","-1.0127","-0.1121","0.2174","0.3828","3.9629","0.0000","17.0000","10.5000","3.1150","1.3040","0.0000","12.4000","1.3000"
,"13.0938","11.2960","0.1366","0.2152","0.0000","0.0051","-0.0212","-1.0127","-0.1009","0.2050","0.3794","3.9629","0.0000","17.0000","10.5000","3.1150","1.3040","0.0000","12.4000","1.3000"
,"13.0938","11.2960","0.1366","0.2152","0.0000","0.0051","-0.0212","-1.0127","-0.0965","0.2101","0.3726","3.9629","0.0000","17.0000","10.5000","3.1150","1.3040","0.0000","12.4000","1.3000"
,"13.0938","11.2960","0.1366","0.2152","0.0000","0.0051","-0.0212","-1.0127","-0.1007","0.2172","0.3972","3.9629","0.0000","17.0000","10.5000","3.1150","1.3040","0.0000","12.4000","1.3000"
,"13.0938","11.2960","0.1366","0.2152","0.0000","0.0051","-0.0212","-1.0127","-0.0980","0.2240","0.4404","3.9629","0.0000","17.0000","10.5000","3.1150","1.3040","0.0000","12.4000","1.3000"
,"13.0938","11.2960","0.1366","0.2152","0.0000","0.0051","-0.0212","-1.0127","-0.0948","0.2194","0.4620","3.9629","0.0000","17.0000","10.5000","3.1150","1.3040","0.0000","12.4000","1.3000"
,"13.0938","11.2960","0.1366","0.2152","0.0000","0.0049","-0.0240","-1.0135","-0.0999","0.1997","0.4524","3.9629","0.0000","17.0000","10.5000","3.1150","1.3040","0.0000","12.4000","1.3000"
,"13.0938","11.2960","0.1366","0.2152","0.0000","0.0011","-0.0324","-1.0127","-0.1159","0.1888","0.4318","3.9629","0.0000","17.0000","10.5000","3.1150","1.3040","0.0000","12.4000","1.3000"
,"13.0938","11.2960","0.1366","0.2152","0.0000","-0.0011","-0.0290","-1.0117","-0.1138","0.1882","0.4164","3.9629","0.0000","17.0000","10.5000","3.1150","1.3040","0.0000","12.4000","1.3000"
,"13.0938","11.2960","0.1366","0.2152","0.0000","-0.0018","-0.0225","-1.0120","-0.0915","0.1730","0.4121","3.9629","0.0000","17.0000","10.5000","3.1150","1.3040","0.0000","12.4000","1.3000"
,"13.0938","11.2960","0.1366","0.2152","0.0000","-0.0020","-0.0210","-1.0137","-0.0601","0.1583","0.4040","3.9629","0.0000","17.0000","10.4978","3.1150","1.3040","0.0000","12.4000","1.3000"
,"13.0938","11.2960","0.1476","0.2464","0.0000","-0.0029","-0.0202","-1.0127","-0.0369","0.1673","0.3932","3.9629","0.0000","17.0000","10.4422","3.1150","1.3034","0.0000","12.3610","1.3000"
,"13.0938","11.2960","0.1724","0.2548","0.0000","-0.0002","-0.0228","-1.0117","-0.0536","0.1867","0.4004","3.9629","0.0000","17.0000","10.4133","3.1150","1.3038","0.0000","12.3110","1.3000"
,"13.0938","11.2960","0.1498","0.2441","0.0000","-0.0008","-0.0250","-1.0140","-0.0951","0.2071","0.4301","3.9629","0.0000","17.3900","10.4689","3.1155","1.3071","0.0000","12.3390","1.2962"
,"13.0938","11.2960","0.1089","0.2264","0.0000","-0.0018","-0.0244","-1.0154","-0.1192","0.2336","0.4410","3.9629","0.0000","17.8900","10.5000","3.1160","1.3095","0.0000","12.3890","1.2912"
,"13.0938","11.2960","0.1087","0.2000","0.0000","-0.0046","-0.0220","-1.0156","-0.1192","0.2522","0.4168","3.9629","0.0000","17.6100","10.5000","3.1154","1.3106","0.0000","12.3610","1.2862"
,"13.0938","11.2960","0.1384","0.2290","0.0000","-0.0057","-0.0301","-1.0156","-0.1466","0.2589","0.4035","3.9629","0.0000","17.1100","10.5000","3.1149","1.3089","0.0000","12.3110","1.2812"
,"13.0938","11.2960","0.1534","0.2518","0.0000","-0.0045","-0.0426","-1.0127","-0.2135","0.2475","0.4187","3.9629","0.0000","17.3900","10.5000","3.1143","1.3055","0.0000","12.3390","1.2800"
,"13.0938","11.2960","0.1532","0.2558","0.0000","-0.0093","-0.0270","-1.0149","-0.2507","0.2249","0.4205","3.9629","0.0000","17.8900","10.5000","3.1142","1.3041","0.0000","12.3890","1.2800"
,"13.0938","11.2960","0.1488","0.2640","0.0000","-0.0082","-0.0166","-1.0153","-0.2164","0.2073","0.3930","3.9629","0.0000","17.6100","10.5000","3.1148","1.3031","0.0000","12.3610","1.2800"
,"13.0938","11.2960","0.1431","0.2259","0.0000","-0.0086","-0.0178","-1.0137","-0.1412","0.2047","0.3593","3.9629","0.0000","17.1100","10.5000","3.1150","1.3059","0.0000","12.3110","1.2800"
,"13.0938","11.2960","0.1571","0.1946","0.0000","-0.0092","-0.0237","-1.0140","-0.0704","0.2037","0.3420","3.9629","0.0000","17.3900","10.5000","3.1150","1.3084","0.0000","12.3390","1.2800"
,"13.0938","11.2960","0.1353","0.2305","0.0000","-0.0060","-0.0267","-1.0164","-0.0412","0.2047","0.3586","3.9629","0.0000","17.8900","10.5000","3.1145","1.3101","0.0000","12.3890","1.2800"
,"13.0938","11.2960","0.1108","0.2622","0.0000","-0.0023","-0.0275","-1.0166","-0.0520","0.2090","0.3947","3.9629","0.0000","17.6100","10.5000","3.1140","1.3098","0.0000","12.3610","1.2800"
,"13.0938","11.2960","0.1184","0.2734","0.0000","-0.0053","-0.0273","-1.0193","-0.0764","0.2020","0.4246","3.9629","0.0000","17.1100","10.5000","3.1146","1.3070","0.0000","12.3110","1.2800"
,"13.0938","11.2960","0.1205","0.2575","0.0000","-0.0073","-0.0289","-1.0149","-0.1068","0.1982","0.4369","3.9629","0.0000","17.3900","10.5000","3.1149","1.3053","0.0000","12.3390","1.2762"
,"13.0938","11.2960","0.1363","0.2407","0.0000","-0.0032","-0.0266","-1.0083","-0.1360","0.2129","0.4321","3.9629","0.0000","17.8900","10.5000","3.1143","1.3042","0.0000","12.3890","1.2712"
,"13.0938","11.2960","0.1298","0.2521","0.0000","0.0040","-0.0205","-1.0049","-0.1387","0.2247","0.4104","3.9629","9.3333","17.6100","10.5000","3.1067","1.3040","0.0000","11.8540","1.2700"
,"13.0938","11.2960","0.1007","0.2339","0.0000","0.0041","-0.0187","-1.0068","-0.1300","0.2190","0.3884","3.9629","25.2000","17.1100","10.5000","3.0900","1.3038","0.0000","11.1540","1.2700"
,"13.0938","11.2960","0.1114","0.2264","0.0000","-0.0115","-0.0219","-1.0017","-0.1308","0.1873","0.3768","3.9629","155.2000","17.3900","10.5000","3.0847","1.2976","0.0000","10.9220","1.2700"
,"13.0938","11.2960","0.1334","0.2549","0.0000","-0.0051","-0.0200","-1.0020","-0.1593","0.1512","0.3884","3.9629","272.5333","17.8900","10.5000","3.0858","1.2943","4.0000","10.8220","1.2700"
,"13.0938","11.2960","0.1306","0.2342","0.0000","0.0279","-0.0201","-0.9961","-0.2017","0.1464","0.4137","3.9629","349.7556","17.6100","10.5000","3.0860","1.2999","20.6667","10.8390","1.2738"
,"13.0932","11.3040","0.1348","0.2087","0.0000","0.0292","-0.0264","-1.0030","-0.2211","0.1732","0.4253","3.9629","392.0222","17.1100","10.5000","3.0861","1.3035","33.4222","10.8890","1.2788"
,"13.0887","11.3702","0.1357","0.2213","0.0000","-0.0284","-0.0353","-1.0134","-0.2099","0.2198","0.4368","3.9629","389.8000","17.3900","10.5000","3.0877","1.3046","41.2000","10.9390","1.2800"
,"13.0843","11.4365","0.1143","0.2281","0.0000","-0.0463","-0.0386","-1.0024","-0.1998","0.2649","0.4656","3.9629","402.1555","17.8900","10.5000","3.0891","1.3039","44.8533","10.9890","1.2800"
,"13.0798","11.5028","0.1148","0.2365","0.0000","-0.0346","-0.0259","-1.0032","-0.2310","0.2944","0.5017","3.9629","422.7111","17.6100","10.5000","3.0897","1.3023","46.1867","10.9610","1.2838"
,"13.0754","11.5691","0.1148","0.2332","0.0000","-0.0365","-0.0206","-1.0173","-0.2866","0.2876","0.5186","3.9629","388.6667","17.1100","10.5000","3.0905","1.3039","46.9600","10.9110","1.2888"
,"13.0709","11.6354","0.1103","0.2482","0.0000","-0.0405","-0.0265","-1.0256","-0.3032","0.2488","0.5026","3.9629","346.0444","17.0000","10.5000","3.0916","1.3061","47.5933","10.9000","1.2938"
,"13.0664","11.7017","0.1214","0.2552","0.0000","-0.0271","-0.0222","-1.0238","-0.2549","0.2076","0.4736","3.9629","347.1555","17.0000","10.5000","3.0920","1.3083","47.4267","10.9000","1.2988"
,"13.0620","11.7680","0.1605","0.2416","0.0000","-0.0269","-0.0203","-1.0125","-0.1742","0.1742","0.4424","3.9629","329.8667","17.0000","10.5000","3.0920","1.3100","47.9533","10.8610","1.3038"
,"13.0575","11.8342","0.1614","0.2745","0.0000","-0.0200","-0.0210","-1.0063","-0.1178","0.1602","0.4247","3.9629","254.3111","17.0000","10.5000","3.0911","1.3100","50.6756","10.8110","1.3088"
,"13.0530","11.9005","0.1466","0.2445","0.0000","-0.0430","-0.0361","-1.0039","-0.0867","0.1572","0.4188","3.9629","243.7778","17.0000","10.4756","3.0900","1.3083","52.2489","10.8000","1.3176"
,"13.0486","11.9668","0.1382","0.1996","0.0000","-0.0226","-0.0426","-1.0064","-0.0808","0.1683","0.4370","3.9629","316.0000","17.0000","10.4200","3.0888","1.3044","52.3600","10.8000","1.3276"
,"13.0441","12.0331","0.1219","0.1974","0.0000","0.0319","-0.0416","-1.0065","-0.0892","0.1765","0.4801","3.9629","690.8000","17.0000","10.4356","3.0880","1.3026","51.3333","11.2290","1.3718"
,"13.0396","12.0994","0.1458","0.1876","0.0000","0.1302","0.0030","-1.0270","-0.0896","0.1700","0.5176","3.9629","1235.8000","17.0000","10.4911","3.0880","1.3021","49.6667","11.7790","1.4268"
,"13.0352","12.1657","0.1631","0.2120","0.0000","0.2037","0.1213","-1.1847","-0.0766","0.1667","0.5315","3.9629","1751.4000","17.0000","10.5000","3.0926","1.2936","48.4200","11.9780","1.6870"
,"13.0307","12.2320","0.1823","0.2455","0.0000","0.1994","0.0815","-1.1526","-0.0716","0.1637","0.5441","3.9629","2239.7778","17.0000","10.4978","3.1032","1.2837","47.2800","12.0780","2.0120"
,"13.0262","12.2982","0.1931","0.2737","0.0000","0.1387","-0.0501","-1.0052","-0.0992","0.1444","0.5640","3.9629","2209.2222","17.0000","10.4422","3.1088","1.2759","46.7800","12.1780","1.7936"
,"13.0218","12.3645","0.1672","0.2828","0.0000","0.0717","-0.0499","-1.0631","-0.1352","0.1155","0.5724","3.9629","2108.0000","17.0000","10.4000","3.1116","1.2749","46.3733","12.2780","1.4036"
,"13.0173","12.4308","0.1587","0.2666","0.0000","0.1250","-0.0088","-1.0803","-0.1572","0.0814","0.5645","3.9629","1783.0000","17.0000","10.4000","3.1129","1.2955","46.2622","12.1830","1.2378"
,"13.0129","12.4971","0.1556","0.2579","0.0000","0.0665","-0.0422","-1.0113","-0.1414","0.0925","0.5576","3.9629","1569.9556","17.0000","10.4000","3.1140","1.3036","46.4444","12.0330","1.1428"
,"13.0084","12.5634","0.1542","0.2373","0.0000","0.0029","-0.0232","-1.0306","-0.1303","0.1258","0.5589","3.9629","1499.4000","17.0000","10.4000","3.1128","1.2958","47.0000","12.0780","1.1086"
,"13.0039","12.6297","0.1398","0.2195","0.0000","0.0109","-0.0480","-0.9701","-0.1307","0.1590","0.5631","3.9629","1574.2667","17.0000","10.4356","3.1120","1.2973","46.8089","12.1780","1.0936"
,"13.0000","12.6924","0.1326","0.2303","0.0000","0.0266","-0.1476","-0.8868","-0.1223","0.1762","0.5708","3.9633","1730.9333","17.0000","10.4911","3.1120","1.3039","46.1978","12.2000","1.2078"
,"13.0000","12.7290","0.1425","0.2099","0.0000","-0.0354","-0.1635","-0.8654","-0.1071","0.1880","0.5805","3.9667","1812.0000","17.0000","10.4533","3.1118","1.2947","45.9600","12.2000","1.3628"
,"13.0000","12.7655","0.1406","0.2123","0.0000","-0.0590","-0.1753","-0.8384","-0.1124","0.1907","0.5674","3.9702","1879.6888","17.0000","10.4022","3.1112","1.2829","45.8244","12.2780","1.5558"
,"13.0000","12.8021","0.1634","0.2427","0.0000","-0.0018","-0.0937","-0.9310","-0.1253","0.1994","0.5502","3.9736","1971.9111","17.0000","10.4578","3.1110","1.2813","46.4356","12.3780","1.7608"
,"13.0000","12.8387","0.1556","0.2468","0.0000","-0.0491","-0.0039","-1.0443","-0.1400","0.2115","0.5450","3.9771","2014.5333","17.0000","10.4867","3.1110","1.2811","46.9133","12.3220","1.7492"
,"13.0000","12.8752","0.1307","0.2408","0.0000","-0.0644","-0.0056","-1.0301","-0.1438","0.2217","0.5355","3.9805","1900.0889","17.0000","10.4311","3.1105","1.2855","46.9689","12.2220","1.6692"
,"13.0000","12.9118","0.1337","0.2147","0.0000","0.0057","-0.0372","-1.0238","-0.1271","0.2416","0.5292","3.9840","1857.2667","17.3900","10.4000","3.1100","1.2907","46.8044","12.2780","1.6234"
,"13.0000","12.9484","0.1577","0.2124","0.0000","0.0985","-0.0235","-1.0447","-0.0996","0.2576","0.5356","3.9874","1905.6000","17.8900","10.4000","3.1106","1.2968","46.3600","12.3780","1.5884"
,"13.0000","12.9850","0.1763","0.2386","0.0000","0.0652","-0.0173","-1.0518","-0.0637","0.2518","0.5641","3.9908","1971.0000","17.6100","10.4356","3.1109","1.3001","46.0222","12.3610","1.6180"
,"13.0000","13.0215","0.1492","0.2488","0.0000","-0.0387","-0.0813","-0.9356","-0.0402","0.2313","0.5851","3.9943","2046.0000","17.1100","10.4911","3.1103","1.3017","45.7444","12.3110","1.6680"
,"13.0000","13.0581","0.1332","0.2482","0.0000","0.0044","-0.1291","-0.8249","-0.0438","0.2102","0.5897","3.9977","2260.0667","17.3900","10.5000","3.1102","1.2894","45.5600","12.3390","1.6762"
,"13.0000","13.0947","0.1631","0.2361","0.0000","0.1482","-0.0915","-0.9288","-0.0588","0.1830","0.5957","4.0012","2479.8000","17.8900","10.4978","3.1108","1.2749","45.3556","12.3890","1.6712"
,"13.0000","13.1312","0.1745","0.2021","0.0000","0.0325","-0.0656","-1.0264","-0.0763","0.1508","0.5952","4.0046","2199.8000","17.6100","10.4422","3.1121","1.2721","44.2444","12.2830","1.7118"
,"13.0000","13.1678","0.1688","0.1974","0.0000","-0.0276","-0.0740","-0.9749","-0.0891","0.1342","0.5732","4.0080","1923.4000","17.1100","10.4000","3.1137","1.2713","42.5333","12.1330","1.7668"
,"13.0000","13.2044","0.1566","0.2183","0.0000","-0.0074","-0.0619","-0.9519","-0.0955","0.1437","0.5420","4.0115","1658.4000","17.3900","10.4000","3.1145","1.2769","38.9222","12.2950","1.6584"
,"13.0000","13.2410","0.1516","0.2013","0.0000","0.0496","-0.0319","-0.9883","-0.0796","0.1692","0.5298","4.0149","1595.5555","17.8900","10.4244","3.1151","1.2817","36.6311","12.5450","1.4984"
,"13.0000","13.2775","0.1355","0.2114","0.0000","0.0749","-0.0221","-0.9777","-0.0386","0.2018","0.5369","4.0184","1790.0000","17.6100","10.4800","3.1167","1.2856","36.0200","12.7170","1.4562"
,"13.0000","13.3141","0.1269","0.2278","0.0000","0.1433","-0.0464","-0.8834","-0.0131","0.2125","0.5493","4.0218","2002.5778","17.1100","10.4644","3.1187","1.2831","35.6933","12.8670","1.4512"
,"13.0000","13.3507","0.1378","0.2250","0.0000","0.0955","0.0082","-1.0264","-0.0147","0.2067","0.5635","4.0252","2225.3555","17.3900","10.4089","3.1214","1.2770","35.5267","12.9000","1.5906"
,"13.0000","13.3872","0.1470","0.2307","0.0000","0.0100","-0.0135","-1.0537","-0.0273","0.2010","0.5690","4.0287","2297.8667","17.8900","10.4000","3.1235","1.2653","36.0133","12.9000","1.7756"
,"13.0000","13.4238","0.1571","0.2303","0.0000","0.0208","-0.0961","-0.9076","-0.0345","0.1973","0.5693","4.0321","2344.8667","17.6100","10.4000","3.1246","1.2528","36.6067","12.9000","1.7212"
,"13.0000","13.4568","0.1319","0.2338","0.0000","0.2076","-0.2449","-0.4274","-0.0608","0.1714","0.5620","4.0352","2466.5334","17.1100","10.4000","3.1236","1.2472","36.7733","12.9000","1.5912"
,"13.0000","13.4633","0.1091","0.2397","0.0000","0.1732","-0.1890","-0.5808","-0.0781","0.1234","0.5552","4.0352","2497.0000","17.3900","10.4000","3.1214","1.2462","36.5800","12.9780","1.5600"
,"13.0000","13.4697","0.1413","0.2478","0.0000","0.0726","0.0574","-1.0117","-0.1722","0.0913","0.5725","4.0352","2238.6667","17.8900","10.4000","3.1205","1.2595","35.2467","13.0780","1.5600"
,"13.0000","13.4762","0.1571","0.2250","0.0000","0.0379","0.0624","-0.9929","-0.3733","0.0887","0.5986","4.0352","2263.8889","17.6100","10.4000","3.1200","1.2597","34.3778","13.0610","1.5068"
,"13.0000","13.4827","0.1584","0.2093","0.0000","0.0683","0.0451","-1.0974","-0.4811","0.0822","0.6038","4.0352","2650.0000","17.1100","10.4000","3.1212","1.2430","34.1000","13.0110","1.4368"
,"13.0000","13.4892","0.1535","0.2327","0.0000","-0.0766","0.0690","-1.4187","-0.4370","0.0776","0.5923","4.0352","2606.9556","17.3900","10.4000","3.1224","1.2455","33.7156","13.0390","1.5568"
,"13.0000","13.4956","0.1124","0.2314","0.0000","-0.0279","0.0055","-1.2779","-0.3145","0.0877","0.5815","4.0352","2322.5112","17.8900","10.4000","3.1241","1.2589","33.2711","13.0890","1.7368"
,"13.0000","13.5021","0.0977","0.2294","0.0000","0.1065","-0.1109","-0.9891","-0.1881","0.0914","0.5853","4.0352","2451.0667","17.6100","10.4000","3.1245","1.2349","31.1933","13.0220","1.6888"
,"13.0000","13.5086","0.1148","0.2286","0.0000","-0.0318","-0.0239","-1.1645","-0.1063","0.0964","0.5968","4.0352","2645.2444","17.1100","10.4000","3.1234","1.2057","28.8711","12.9220","1.5688"
,"13.0000","13.5151","0.1230","0.2305","0.0000","-0.0225","-0.0758","-1.0199","-0.0711","0.1127","0.5944","4.0352","2526.3555","17.0000","10.4000","3.1241","1.2235","28.1489","12.9390","1.5590"
,"13.0000","13.5215","0.1138","0.2587","0.0000","0.0013","-0.1925","-0.8460","-0.0448","0.1338","0.5753","4.0352","2474.6667","17.0000","10.4000","3.1257","1.2333","27.3067","12.9890","1.5840"
,"13.0000","13.5280","0.0835","0.2605","0.0000","0.0351","-0.0446","-1.1025","-0.0216","0.1447","0.5422","4.0352","2635.7778","17.0000","10.4000","3.1260","1.2177","26.0844","13.0000","1.5596"
,"13.0000","13.5345","0.0808","0.2128","0.0000","-0.2055","0.0183","-1.2699","-0.0226","0.1293","0.5240","4.0352","2680.2888","17.0000","10.4000","3.1260","1.2083","24.2756","13.0000","1.5196"
,"13.0000","13.5410","0.1088","0.2169","0.0000","-0.1532","-0.1750","-0.8963","-0.0322","0.1163","0.5366","4.0352","2576.3999","17.0000","10.4000","3.1266","1.2066","21.7200","13.0000","1.4758"
,"13.0000","13.5474","0.1222","0.2261","0.0000","-0.2008","-0.3187","-0.7562","-0.0234","0.1250","0.5729","4.0352","2662.0222","17.0000","10.3644","3.1266","1.1939","19.8756","13.0000","1.4308"
,"13.0000","13.5539","0.1425","0.2507","0.0000","0.1150","-0.2742","-0.6821","-0.0183","0.1357","0.6059","4.0352","2854.2444","17.0000","10.3089","3.1249","1.1750","18.4311","13.0390","1.3896"
,"13.0000","13.5604","0.1324","0.2793","0.0000","0.3524","-0.1045","-0.8420","-0.0403","0.1242","0.6157","4.0352","3161.2666","17.0000","10.3000","3.1250","1.1496","18.4333","13.0890","1.3496"
,"13.0000","13.5669","0.1248","0.2311","0.0000","-0.0472","-0.1396","-0.7222","-0.0570","0.0952","0.6162","4.0352","3486.8000","17.0000","10.3000","3.1272","1.1232","18.4689","13.1000","1.2716"
,"13.0000","13.5733","0.1306","0.2299","0.0000","-0.1496","-0.1279","-0.7339","-0.0538","0.0523","0.6091","4.0352","3731.8000","17.0000","10.3000","3.1280","1.1044","12.6911","13.1000","1.1816"
,"13.0000","13.5798","0.1306","0.2606","0.0000","-0.3508","-0.2122","-0.7571","-0.0559","-0.0107","0.5850","4.0352","3935.4666","17.3900","10.3000","3.1280","1.0791","7.1933","13.1000","1.0536"
,"13.0000","13.5863","0.1220","0.2402","0.0000","0.1657","0.0196","-1.1982","-0.0724","-0.0602","0.5686","4.0352","4008.2444","17.8900","10.3000","3.1275","1.0335","2.5822","13.1000","0.9136"
,"13.0011","13.5919","0.1197","0.2107","0.0000","0.5649","0.1383","-1.4106","-0.0949","-0.0740","0.5588","4.0419","3950.0000","17.6100","10.3000","3.1270","1.0031","0.0000","13.0610","0.8610"
,"13.0104","13.5907","0.1351","0.2009","0.0000","0.3556","0.0653","-1.1299","-0.1032","-0.0568","0.5396","4.0983","3725.0000","17.1100","10.3000","3.1276","0.9920","0.0000","13.0110","0.8360"
,"13.0197","13.5896","0.1584","0.1979","0.0000","-0.0485","-0.1365","-0.8206","-0.0901","-0.0306","0.5207","4.1546","3490.0444","17.3900","10.3000","3.1277","0.9862","0.0000","13.0780","0.8262"
,"13.0290","13.5884","0.1651","0.2363","0.0000","0.0388","0.0295","-1.1031","-0.0679","-0.0127","0.5107","4.2110","3249.4888","17.8900","10.3000","3.1266","0.9834","0.0000","13.1780","0.8212"
,"13.0383","13.5873","0.1622","0.2601","0.0000","0.4180","0.2356","-1.4768","-0.0398","-0.0058","0.5215","4.2674","2986.5334","17.6100","10.3000","3.1265","1.0035","0.0000","13.0830","0.8352"
,"13.0476","13.5861","0.1609","0.2213","0.0000","0.2300","0.1783","-1.6189","-0.0462","-0.0160","0.5513","4.3237","2718.7778","17.1100","10.3000","3.1276","1.0285","0.0000","12.9330","0.8552"
,"13.0569","13.5850","0.1453","0.2025","0.0000","-0.0094","0.1520","-1.4131","-0.0677","0.0078","0.5662","4.3801","2438.2222","17.3900","10.3000","3.1284","1.0657","0.0000","13.0170","0.8638"
,"13.0662","13.5839","0.1488","0.2390","0.0000","0.0158","-0.0545","-1.0207","-0.0823","0.0606","0.5615","4.4365","2203.8000","17.8900","10.3000","3.1289","1.1009","0.0000","13.1670","0.8688"
,"13.0755","13.5827","0.1452","0.2700","0.0000","-0.0465","-0.1758","-0.8539","-0.0864","0.1167","0.5459","4.4928","2115.4666","17.6100","10.3000","3.1281","1.1298","0.0000","13.1220","0.8700"
,"13.0848","13.5816","0.1301","0.2557","0.0000","-0.1449","-0.0968","-0.9284","-0.0836","0.1577","0.5361","4.5492","1968.9556","17.1100","10.2756","3.1270","1.1570","0.0000","13.0220","0.8700"
,"13.0941","13.5804","0.1268","0.2318","0.0000","-0.1145","-0.0460","-0.9822","-0.0800","0.1714","0.5354","4.6055","1748.4000","17.0000","10.2200","3.1270","1.1820","0.0000","12.9610","0.8738"
,"13.1034","13.5793","0.1298","0.2413","0.0000","-0.0086","-0.0463","-1.0116","-0.0790","0.1506","0.4989","4.6619","1676.1111","17.0000","10.2000","3.1266","1.1928","0.0000","12.9110","0.8788"
,"13.1127","13.5781","0.1686","0.2385","0.0000","0.0530","-0.0103","-1.0929","-0.0813","0.1199","0.4480","4.7183","1687.2222","17.0000","10.2000","3.1249","1.1956","0.0000","12.9000","0.8800"
,"13.1220","13.5770","0.1645","0.2357","0.0000","0.0042","-0.0210","-1.0848","-0.0786","0.1010","0.4238","4.7746","1672.2000","17.0000","10.2000","3.1240","1.1983","0.0000","12.9000","0.8800"
,"13.1313","13.5759","0.1454","0.2393","0.0000","-0.0922","-0.0117","-1.0478","-0.0715","0.1101","0.4522","4.8310","1657.6888","17.0000","10.2000","3.1240","1.2012","0.0022","12.9390","0.8762"
,"13.1406","13.5747","0.1562","0.2353","0.0000","-0.0168","-0.0035","-1.0566","-0.0494","0.1449","0.5102","4.8873","1774.9111","17.0000","10.2000","3.1236","1.2068","0.0578","12.9890","0.8712"
,"13.1499","13.5736","0.1521","0.2228","0.0000","0.0115","-0.0130","-1.0964","-0.0193","0.1789","0.5597","4.9437","1915.8667","17.0000","10.2000","3.1231","1.2087","0.0867","12.9610","0.8700"
,"13.1592","13.5724","0.1344","0.2275","0.0000","0.0435","0.0256","-1.1127","0.0184","0.2132","0.5863","5.0001","2131.9778","17.0000","10.2000","3.1244","1.1993","0.0311","12.9110","0.8700"
,"13.1685","13.5713","0.1214","0.2473","0.0000","0.0892","0.0313","-1.0685","0.0319","0.2421","0.6035","5.0564","2220.0000","17.0000","10.1756","3.1261","1.1862","0.0244","12.9390","0.8776"
,"13.1778","13.5701","0.1145","0.2307","0.0000","0.0232","0.0379","-1.0048","0.0009","0.2535","0.6165","5.1128","2145.0000","17.0000","10.1200","3.1289","1.1684","0.0800","12.9890","0.8876"
,"13.1871","13.5690","0.1356","0.2136","0.0000","-0.0674","-0.0074","-0.9933","-0.0478","0.2637","0.6094","5.1692","2013.4667","17.0000","10.1356","3.1309","1.1709","0.0644","13.0000","0.8938"
,"13.1906","13.5663","0.1550","0.2242","0.0000","-0.0705","-0.0230","-1.0136","-0.0782","0.2749","0.5713","5.2161","1850.1333","17.0000","10.1911","3.1303","1.1848","0.0089","13.0000","0.8988"
,"13.1516","13.5519","0.1385","0.2648","0.0000","-0.0731","-0.0027","-1.0489","-0.0938","0.2788","0.5327","5.1943","1961.2000","17.0000","10.2000","3.1293","1.1837","0.0000","13.0000","0.9038"
,"13.1125","13.5375","0.1439","0.2509","0.0000","-0.0495","-0.0084","-1.0287","-0.1081","0.2710","0.5242","5.1724","2114.2888","17.0000","10.1978","3.1276","1.1800","0.0000","13.0000","0.9088"
,"13.0734","13.5231","0.1558","0.2141","0.0000","0.0384","-0.0201","-1.0657","-0.1248","0.2563","0.5435","5.1505","2021.5111","17.0000","10.1422","3.1266","1.1806","0.0000","13.0000","0.9062"
,"13.0344","13.5087","0.1605","0.2245","0.0000","-0.0060","-0.0260","-1.0590","-0.1350","0.2346","0.5789","5.1286","1894.8667","17.0000","10.1000","3.1261","1.1814","0.0000","13.0000","0.9012"
,"13.0005","13.4954","0.1574","0.2097","0.0000","-0.0443","-0.0093","-1.0153","-0.1327","0.2286","0.6013","5.1140","1660.9778","17.0000","10.1000","3.1265","1.1831","0.0000","13.0000","0.8962"
,"13.0050","13.4905","0.1560","0.2143","0.0000","0.0200","-0.0255","-0.9667","-0.1270","0.2368","0.6036","5.1529","1498.9556","17.0000","10.1000","3.1271","1.1869","0.0000","13.0000","0.8912"
,"13.0095","13.4855","0.1644","0.2335","0.0000","0.0021","-0.0331","-1.0051","-0.1106","0.2418","0.5921","5.1918","1428.4000","17.0000","10.1000","3.1293","1.1936","0.0000","13.0000","0.8900"
,"13.0139","13.4805","0.1672","0.2258","0.0000","-0.1048","0.0345","-1.0912","-0.0862","0.2327","0.5692","5.2307","1407.2667","17.0000","10.1000","3.1305","1.1892","0.0000","13.0000","0.8900"
,"13.0184","13.4756","0.1757","0.2122","0.0000","-0.0146","0.0064","-1.0698","-0.0785","0.2016","0.5373","5.2695","1413.9333","17.0000","10.1000","3.1282","1.1787","0.0000","12.9610","0.8938"
,"13.0229","13.4706","0.1724","0.2228","0.0000","-0.0110","-0.0365","-1.0051","-0.0853","0.1467","0.5037","5.3084","1431.3334","17.0000","10.1000","3.1265","1.1915","0.0000","12.9110","0.8988"
,"13.0273","13.4657","0.1705","0.2151","0.0000","-0.0198","-0.0393","-0.9745","-0.0987","0.1009","0.4863","5.3473","1442.4222","17.0000","10.1000","3.1254","1.2083","0.0000","12.8220","0.9000"
,"13.0318","13.4607","0.1887","0.2112","0.0000","-0.0450","-0.0627","-0.9288","-0.1040","0.1054","0.5031","5.3862","1252.9778","17.0000","10.1000","3.1236","1.2167","0.0000","12.7220","0.9000"
,"13.0363","13.4558","0.1262","0.1940","0.0000","-0.0551","-0.1200","-0.8469","-0.1095","0.1542","0.5403","5.4251","1100.4667","17.0000","10.1000","3.1214","1.2235","0.0000","12.5830","0.9038"
,"13.0407","13.4508","0.0669","0.1500","0.0000","0.0013","-0.0626","-0.9271","-0.1300","0.2073","0.5652","5.4639","1064.9111","17.0000","10.1000","3.1210","1.2258","0.0000","12.4330","0.9088"
,"13.0452","13.4459","0.0746","0.1402","0.0000","0.0102","-0.0224","-0.9913","-0.1439","0.2186","0.5613","5.5028","972.1556","17.0000","10.1000","3.1210","1.2353","1.0511","12.4390","0.9138"
,"13.0496","13.4409","0.1065","0.2182","0.0000","0.0016","-0.0219","-1.0123","-0.1420","0.1875","0.5379","5.5417","806.6000","17.0000","10.1000","3.1198","1.2542","3.4400","12.4890","0.9188"
,"13.0541","13.4360","0.1107","0.2775","0.0000","0.0033","-0.0468","-0.9938","-0.1389","0.1557","0.5183","5.5806","775.4445","17.0000","10.1000","3.1186","1.2688","9.9889","12.6170","0.9238"
,"13.0586","13.4310","0.1393","0.2239","0.0000","-0.0085","-0.0608","-0.9588","-0.1498","0.1584","0.5376","5.6194","819.8889","17.0000","10.1000","3.1169","1.2810","18.8778","12.7670","0.9288"
,"13.0630","13.4261","0.1754","0.2183","0.0000","-0.0988","-0.0408","-0.9628","-0.1691","0.1732","0.5816","5.6583","1069.6666","17.3900","10.1000","3.1177","1.2779","16.7067","12.8000","0.9300"
,"13.0675","13.4211","0.1774","0.2459","0.0000","-0.0770","-0.0187","-1.0084","-0.1873","0.1896","0.6092","5.6972","1351.1555","17.8900","10.1000","3.1216","1.2716","12.5844","12.8000","0.9300"
,"13.0720","13.4162","0.1460","0.2497","0.0000","-0.0042","0.0228","-1.0833","-0.1876","0.2024","0.6030","5.7361","1455.0444","17.6100","10.1000","3.1219","1.2616","12.1956","12.8000","0.9300"
,"13.0764","13.4112","0.1336","0.2335","0.0000","0.0138","0.0141","-1.0852","-0.1790","0.2028","0.5730","5.7749","1519.2000","17.1100","10.1000","3.1203","1.2535","11.8067","12.8000","0.9300"
,"13.0809","13.4063","0.1527","0.2309","0.0000","0.0090","-0.0027","-1.0630","-0.1744","0.1898","0.5342","5.8138","1457.5333","17.3900","10.1000","3.1223","1.2512","11.4178","12.9170","0.9224"
,"13.0854","13.4013","0.1234","0.2351","0.0000","-0.0517","-0.0373","-1.0039","-0.1558","0.1988","0.5074","5.8527","1580.1777","17.8900","10.1000","3.1250","1.2488","9.8311","13.0670","0.9124"
,"13.0898","13.3964","0.1183","0.2181","0.0000","-0.1415","-0.0653","-0.9934","-0.1212","0.2385","0.5114","5.8916","1937.4000","17.6100","10.1000","3.1256","1.2460","6.7200","13.0610","0.8948"
,"13.0943","13.3925","0.1542","0.2263","0.0000","-0.0648","-0.0132","-1.0125","-0.1046","0.2829","0.5276","5.9234","2042.1777","17.1100","10.1000","3.1256","1.2407","5.6000","13.0110","0.8748"
,"13.0992","13.3967","0.1505","0.2343","0.0000","0.0436","-0.0316","-0.9776","-0.1051","0.3033","0.5363","5.9039","2004.9556","17.3900","10.1000","3.1239","1.2341","5.6000","13.0390","0.8700"
,"13.1040","13.4009","0.1374","0.2128","0.0000","0.0225","-0.0550","-0.9643","-0.1117","0.2844","0.5472","5.8844","2034.0000","17.8900","10.1000","3.1228","1.2148","5.2733","13.0890","0.8700"
,"13.1088","13.4051","0.1697","0.2111","0.0000","-0.0645","-0.0810","-0.9644","-0.1103","0.2437","0.5784","5.8648","2073.2000","17.6100","10.1000","3.1222","1.1941","4.8867","13.0610","0.8700"
,"13.1137","13.4093","0.1635","0.2208","0.0000","-0.0785","-0.0691","-0.9802","-0.1144","0.2256","0.6029","5.8453","2053.2000","17.1100","10.1000","3.1231","1.1963","4.5533","13.0110","0.8700"
,"13.1185","13.4135","0.1406","0.2155","0.0000","0.0178","-0.0755","-0.9658","-0.1106","0.2381","0.6156","5.8258","2062.9333","17.3900","10.1133","3.1247","1.1968","4.1267","13.0780","0.8700"
,"13.1233","13.4176","0.1393","0.2347","0.0000","0.0335","-0.0823","-1.0210","-0.0911","0.2587","0.6130","5.8063","2166.8223","17.8900","10.1689","3.1255","1.1918","3.4044","13.1780","0.8700"
,"13.1282","13.4218","0.1653","0.2732","0.0000","-0.0059","-0.1048","-0.9790","-0.0776","0.2673","0.5966","5.7867","2276.5779","17.6100","10.1756","3.1260","1.1834","3.0000","13.1220","0.8738"
,"13.1330","13.4260","0.1520","0.2703","0.0000","0.0804","-0.0334","-0.9958","-0.0688","0.2677","0.5849","5.7672","2393.8000","17.1100","10.1200","3.1248","1.1706","3.0000","13.0220","0.8788"
,"13.1379","13.4302","0.1409","0.2245","0.0000","0.1506","0.0311","-1.0510","-0.0689","0.2622","0.5768","5.7477","2666.3999","17.3900","10.1000","3.1245","1.1447","3.3911","13.1170","0.8762"
,"13.1427","13.4344","0.1912","0.2225","0.0000","0.1557","-0.1829","-0.6979","-0.0857","0.2220","0.5759","5.7281","3026.3999","17.8900","10.1000","3.1268","1.1113","4.0022","13.2670","0.8712"
,"13.1475","13.4386","0.1596","0.2332","0.0000","0.0685","-0.5162","0.1256","-0.0918","0.1541","0.5813","5.7086","3078.3999","17.6100","10.1000","3.1287","1.0976","2.1867","13.2220","0.8700"
,"13.1524","13.4428","0.0972","0.1987","0.0000","-0.0734","-0.5447","0.1238","-0.0827","0.0933","0.5918","5.6891","3067.8445","17.1100","10.1000","3.1304","1.0872","0.0000","13.1220","0.8700"
,"13.1572","13.4470","0.0976","0.1738","0.0000","-0.2833","-0.2897","-0.5055","-0.0634","0.0585","0.6059","5.6695","2963.9556","17.3900","10.1000","3.1310","1.0672","0.0000","13.1780","0.8662"
,"13.1620","13.4512","0.0880","0.1833","0.0000","-0.5472","-0.2073","-0.6847","-0.0459","0.0379","0.6192","5.6500","2838.8667","17.8900","10.1000","3.1310","1.0516","0.0000","13.2780","0.8612"
,"13.1669","13.4554","0.0787","0.1678","0.0000","-0.1519","-0.4265","-0.3563","-0.0431","0.0305","0.6254","5.6305","2646.6445","17.6100","10.1000","3.1301","1.0499","0.0000","13.2220","0.8448"
,"13.1717","13.4596","0.0863","0.1528","0.0000","0.1794","-0.3549","-0.3825","-0.0595","0.0532","0.6189","5.6109","2393.3110","17.1100","10.1000","3.1290","1.0536","0.0000","13.1220","0.8248"
,"13.1765","13.4637","0.1067","0.1566","0.0000","0.0286","-0.0083","-0.9188","-0.0714","0.0706","0.6000","5.5914","2062.2000","17.3900","10.1000","3.1278","1.0642","0.0000","13.1390","0.8238"
,"13.1814","13.4679","0.1401","0.1575","0.0000","-0.0013","0.0919","-1.1176","-0.0738","0.0746","0.5678","5.5719","1837.0444","17.8900","10.1000","3.1274","1.0893","0.0000","13.1890","0.8288"
,"13.1862","13.4721","0.1177","0.1754","0.0000","0.0137","-0.0084","-1.0355","-0.0743","0.0911","0.5395","5.5523","1671.4889","17.6100","10.1000","3.1291","1.1227","0.0000","13.0440","0.8300"
,"13.1911","13.4763","0.0683","0.1807","0.0000","-0.0112","0.0104","-1.0463","-0.0786","0.1390","0.5201","5.5328","1439.2000","17.1100","10.1000","3.1285","1.1499","0.0000","12.8440","0.8300"
,"13.1953","13.4772","0.0692","0.1840","0.0000","0.0033","0.0286","-1.0508","-0.0818","0.1888","0.4957","5.5123","1193.4889","17.0000","10.1000","3.1252","1.1772","0.0000","12.6830","0.8300"
,"13.1953","13.4535","0.0759","0.1643","0.0000","0.0070","-0.0067","-1.0252","-0.0921","0.2062","0.4679","5.4842","930.7111","17.0000","10.1000","3.1229","1.2316","0.0000","12.5330","0.8300"
,"13.1953","13.4299","0.0687","0.1609","0.0000","-0.0011","-0.0136","-1.0186","-0.0911","0.2155","0.4475","5.4561","692.3333","17.0000","10.1000","3.1213","1.2779","1.7600","12.5000","0.8338"
,"13.1953","13.4063","0.0686","0.1729","0.0000","-0.0045","-0.0343","-1.0039","-0.0884","0.2059","0.4324","5.4280","531.2222","17.0000","10.1000","3.1196","1.2985","9.0933","12.5000","0.8388"
,"13.1953","13.3827","0.0833","0.1606","0.0000","-0.0131","-0.0444","-0.9967","-0.0894","0.1676","0.4117","5.3999","392.1111","17.0000","10.1000","3.1180","1.3122","15.5222","12.5000","0.8400"
,"13.1953","13.3591","0.0564","0.1560","0.0000","-0.0410","-0.0385","-0.9957","-0.0954","0.1570","0.3803","5.3718","281.0000","17.0000","10.1000","3.1168","1.3172","20.8000","12.5000","0.8400"
,"13.1953","13.3355","0.0260","0.1645","0.0000","-0.0220","-0.0355","-0.9978","-0.1257","0.1989","0.3691","5.3437","183.4000","17.0000","10.1000","3.1160","1.3133","22.4156","12.5000","0.8362"
,"13.1953","13.3118","0.0753","0.1600","0.0000","0.0071","-0.0321","-1.0051","-0.1486","0.2342","0.3922","5.3156","93.4000","17.0000","10.1000","3.1160","1.3044","21.9711","12.5000","0.8312"
,"13.1953","13.2882","0.0809","0.1674","0.0000","-0.0008","-0.0270","-1.0130","-0.1442","0.2233","0.4332","5.2876","79.0000","17.0000","10.1000","3.1162","1.3063","16.5800","12.4610","0.8300"
,"13.1953","13.2646","0.0658","0.1743","0.0000","-0.0098","-0.0266","-1.0119","-0.1194","0.1953","0.4602","5.2595","79.0000","17.0000","10.1000","3.1168","1.3100","10.2667","12.4110","0.8300"
,"13.1953","13.2410","0.0847","0.1710","0.0000","-0.0067","-0.0308","-1.0088","-0.0959","0.1743","0.4625","5.2314","79.0000","17.3900","10.1000","3.1177","1.3100","4.4333","12.4390","0.8300"
,"13.1953","13.2174","0.1133","0.1908","0.0000","-0.0047","-0.0260","-1.0088","-0.0886","0.1645","0.4528","5.2033","79.0000","17.8900","10.1000","3.1188","1.3100","0.0000","12.4890","0.8300"
,"13.1953","13.1937","0.1055","0.1837","0.0000","-0.0050","-0.0178","-1.0056","-0.1019","0.1681","0.4525","5.1752","79.0000","17.6100","10.1000","3.1190","1.3100","0.0000","12.4610","0.8300"
,"13.1953","13.1701","0.1036","0.1492","0.0000","-0.0000","-0.0176","-1.0066","-0.1062","0.1774","0.4530","5.1471","79.0000","17.1100","10.0756","3.1190","1.3083","0.0000","12.4110","0.8300"
,"13.1953","13.1465","0.1267","0.1498","0.0000","0.0033","-0.0190","-1.0084","-0.0817","0.1778","0.4299","5.1190","79.0000","17.3900","10.0200","3.1196","1.3044","0.0000","12.4780","0.8300"
,"13.1953","13.1229","0.0974","0.1342","0.0000","0.0003","-0.0223","-1.0115","-0.0597","0.1662","0.3994","5.0909","50.9111","17.8900","10.0356","3.1197","1.3044","0.0000","12.5780","0.8300"
,"13.1953","13.0993","0.1066","0.1693","0.0000","-0.0021","-0.0249","-1.0114","-0.0614","0.1470","0.3915","5.0628","7.0222","17.6100","10.0911","3.1186","1.3066","0.0000","12.5220","0.8262"
,"13.1953","13.0756","0.1402","0.2324","0.0000","-0.0021","-0.0244","-1.0107","-0.0833","0.1363","0.4076","5.0348","0.0000","17.1100","10.1000","3.1180","1.3079","0.0000","12.4220","0.8212"
,"13.1953","13.0520","0.1208","0.2291","0.0000","-0.0025","-0.0250","-1.0124","-0.1106","0.1411","0.4272","5.0067","0.0000","17.4021","10.1000","3.1180","1.3089","0.0000","12.4804","0.8200"
,"13.1953","13.0284","0.1024","0.2133","0.0000","-0.0049","-0.0246","-1.0117","-0.1236","0.1492","0.4372","4.9786","0.0000","17.9175","10.1000","3.1183","1.3058","0.0000","12.5835","0.8200"
,"13.1953","13.0048","0.1143","0.1853","0.0000","-0.0046","-0.0213","-1.0151","-0.1156","0.1549","0.4388","4.9505","0.0000","17.5800","10.0944","3.1188","1.3031","0.0000","12.5160","0.8200"
,"13.1953","12.9839","0.1173","0.2008","0.0000","-0.0012","-0.0212","-1.0137","-0.1153","0.1485","0.4506","4.9234","0.0000","17.0800","10.0389","3.1190","1.3042","0.0000","12.4160","0.8200"
,"13.1953","12.9831","0.1250","0.2456","0.0000","0.0001","-0.0256","-1.0127","-0.1312","0.1348","0.4657","4.9039","0.0000","17.4200","10.0167","3.1190","1.3058","0.0000","12.4840","0.8200"
,"13.1953","12.9824","0.1636","0.2482","0.0000","-0.0022","-0.0272","-1.0137","-0.1473","0.1290","0.4647","4.8844","0.0000","17.9200","10.0722","3.1190","1.3086","0.0000","12.5840","0.8200"
,"13.1953","12.9816","0.1918","0.2137","0.0000","-0.0003","-0.0268","-1.0166","-0.1655","0.1407","0.4749","4.8648","0.0000","17.5800","10.1000","3.1188","1.3103","0.0000","12.5160","0.8200"
,"13.1953","12.9809","0.1641","0.2031","0.0000","-0.0017","-0.0323","-1.0138","-0.1871","0.1644","0.4934","4.8453","0.0000","17.0800","10.1000","3.1172","1.3108","0.0000","12.4160","0.8200"
,"13.1953","12.9801","0.1641","0.2108","0.0000","-0.0074","-0.0304","-1.0093","-0.1943","0.1808","0.4836","4.8258","0.0000","17.4200","10.1000","3.1165","1.3079","0.0000","12.4840","0.8200"
,"13.1953","12.9793","0.1650","0.2050","0.0000","-0.0109","-0.0228","-1.0049","-0.1846","0.1891","0.4686","4.8063","0.0000","17.9200","10.1000","3.1182","1.3034","0.0000","12.5840","0.8200"
,"13.1953","12.9786","0.1415","0.1995","0.0000","-0.0154","-0.0193","-1.0073","-0.1629","0.1918","0.4698","4.7867","0.0000","17.5800","10.1000","3.1190","1.3025","0.0000","12.5160","0.8200"
,"13.1953","12.9778","0.1487","0.2059","0.0000","-0.0151","-0.0213","-1.0088","-0.1359","0.1994","0.4701","4.7672","0.0000","17.0800","10.1000","3.1190","1.3023","0.0000","12.4160","0.8200"
,"13.1953","12.9771","0.1304","0.2186","0.0000","-0.0121","-0.0259","-1.0122","-0.1279","0.2150","0.4716","4.7477","0.0000","17.4200","10.1000","3.1186","1.3057","0.0000","12.4840","0.8200"
,"13.1953","12.9763","0.1203","0.2118","0.0000","-0.0101","-0.0244","-1.0136","-0.1554","0.2271","0.4740","4.7281","0.0000","17.9200","10.1000","3.1181","1.3083","0.0000","12.5840","0.8200"
,"13.1953","12.9755","0.1409","0.2063","0.0000","-0.0085","-0.0200","-1.0137","-0.1836","0.2240","0.4573","4.7086","0.0000","17.5800","10.1000","3.1175","1.3094","0.0000","12.5160","0.8200"
,"13.1953","12.9748","0.1345","0.2121","0.0000","-0.0072","-0.0228","-1.0127","-0.1807","0.2072","0.4349","4.6891","0.0000","17.0800","10.1278","3.1171","1.3081","0.0000","12.4160","0.8200"
,"13.1953","12.9740","0.1311","0.2128","0.0000","-0.0021","-0.0258","-1.0089","-0.1437","0.1886","0.4077","4.6695","0.0000","17.4200","10.1833","3.1182","1.3042","0.0000","12.4840","0.8200"
,"13.1953","12.9732","0.1625","0.2246","0.0000","0.0006","-0.0234","-1.0059","-0.0786","0.1685","0.3645","4.6500","0.0000","17.9200","10.1611","3.1190","1.3026","0.0000","12.5840","0.8200"
,"13.1953","12.9725","0.1411","0.2237","0.0000","-0.0029","-0.0224","-1.0115","-0.0112","0.1399","0.3117","4.6305","0.0000","17.5800","10.1056","3.1190","1.3021","0.0000","12.5160","0.8200"
,"13.1953","12.9717","0.1180","0.2138","0.0000","-0.0099","-0.0216","-1.0185","0.0279","0.1149","0.2745","4.6109","0.0000","17.0800","10.1500","3.1190","1.3050","0.0000","12.4160","0.8200"
,"13.1953","12.9710","0.1302","0.2197","0.0000","-0.0088","-0.0256","-1.0167","0.0176","0.1119","0.2972","4.5914","0.0000","17.4200","10.2000","3.1190","1.3081","0.0000","12.4840","0.8200"
,"13.1953","12.9702","0.1049","0.2474","0.0000","-0.0099","-0.0279","-1.0099","-0.0351","0.1319","0.3739","4.5719","0.0000","17.9200","10.2000","3.1206","1.3092","0.0000","12.5840","0.8200"
,"13.1953","12.9694","0.1282","0.2450","0.0000","-0.0093","-0.0277","-1.0040","-0.1219","0.1835","0.4689","4.5523","0.0000","17.5800","10.2000","3.1228","1.3092","0.0000","12.5160","0.8200"
,"13.1953","12.9687","0.1808","0.2294","0.0000","-0.0081","-0.0316","-1.0039","-0.2123","0.2335","0.5513","4.5328","0.0000","17.0800","10.2000","3.1195","1.3064","0.0000","12.4160","0.8200"
,"13.1959","12.9680","0.1277","0.2164","0.0000","-0.0062","-0.0316","-1.0115","-0.2750","0.2425","0.6069","4.5188","0.0000","17.4200","10.2000","3.1162","1.3044","0.0000","12.4420","0.8200"
,"13.2007","12.9680","0.1227","0.2158","0.0000","-0.0067","-0.0233","-1.0166","-0.2788","0.2091","0.6059","4.5452","0.0000","17.9200","10.2000","3.1178","1.3033","0.0000","12.4920","0.8200"
,"13.2056","12.9680","0.1733","0.2662","0.0000","-0.0059","-0.0158","-1.0142","-0.2222","0.1763","0.5402","4.5716","0.0000","17.5800","10.2000","3.1195","1.3030","0.0000","12.5000","0.8200"
,"13.2104","12.9680","0.1494","0.2756","0.0000","-0.0050","-0.0197","-1.0118","-0.1542","0.1923","0.4546","4.5980","0.0000","17.0800","10.2000","3.1212","1.3030","0.0000","12.5000","0.8200"
,"13.2152","12.9680","0.1598","0.2233","0.0000","-0.0032","-0.0218","-1.0092","-0.1331","0.2532","0.4234","4.6244","0.0000","17.4200","10.2000","3.1226","1.3065","0.0000","12.5000","0.8200"
,"13.2201","12.9680","0.1791","0.1926","0.0000","-0.0051","-0.0237","-1.0125","-0.1494","0.3007","0.4386","4.6509","0.0000","17.9200","10.2000","3.1237","1.3100","0.0000","12.5000","0.8200"
,"13.2249","12.9680","0.1662","0.2082","0.0000","-0.0046","-0.0240","-1.0154","-0.1366","0.3002","0.4522","4.6773","0.0000","17.5800","10.2000","3.1228","1.3100","0.0000","12.5000","0.8200"
,"13.2297","12.9680","0.1445","0.2189","0.0000","-0.0023","-0.0221","-1.0157","-0.0794","0.2583","0.4385","4.7037","0.0000","17.0800","10.2000","3.1212","1.3090","0.0000","12.5000","0.8200"
,"13.2346","12.9680","0.1472","0.2372","0.0000","-0.0023","-0.0233","-1.0113","-0.0217","0.2005","0.4128","4.7301","0.0000","17.4200","10.2000","3.1185","1.3057","0.0000","12.5000","0.8159"
,"13.2394","12.9680","0.1193","0.2024","0.0000","-0.0021","-0.0289","-1.0098","-0.0102","0.1534","0.4118","4.7565","0.0000","17.9200","10.2000","3.1161","1.3037","0.0000","12.5000","0.8109"
,"13.2443","12.9680","0.0852","0.1445","0.0000","-0.0043","-0.0363","-1.0117","-0.0577","0.1378","0.4419","4.7829","0.0000","18.0000","10.2000","3.1172","1.3032","0.0000","12.5000","0.8100"
,"13.2491","12.9680","0.0898","0.1581","0.0000","-0.0059","-0.0360","-1.0099","-0.1442","0.1386","0.4946","4.8093","0.0000","18.0000","10.2000","3.1185","1.3049","0.0000","12.5000","0.8100"
,"13.2539","12.9680","0.0894","0.1901","0.0000","-0.0047","-0.0312","-1.0073","-0.1442","0.1386","0.4946","4.8358","0.0000","17.5800","10.2000","3.1202","1.3077","0.0000","12.5000","0.8100"
,"13.2588","12.9680","0.0897","0.1871","0.0000","-0.0026","-0.0296","-1.0116","-0.1442","0.1386","0.4946","4.8622","0.0000","17.0800","10.2000","3.1202","1.3090","0.0000","12.5000","0.8100"
,"13.2636","12.9680","0.0873","0.1591","0.0000","-0.0004","-0.0298","-1.0151","-0.1442","0.1386","0.4946","4.8886","0.0000","17.4200","10.2000","3.1185","1.3097","0.0000","12.5420","0.8100"
,"13.2684","12.9680","0.0909","0.1620","0.0000","0.0008","-0.0248","-1.0156","-0.1442","0.1386","0.4946","4.9150","0.0000","17.9200","10.2000","3.1168","1.3069","0.0000","12.5920","0.8100"
,"13.2733","12.9680","0.0858","0.1675","0.0000","0.0018","-0.0172","-1.0156","-0.1442","0.1386","0.4946","4.9414","0.0000","17.5800","10.2000","3.1152","1.3047","0.0000","12.5160","0.8100"
,"13.2781","12.9680","0.1073","0.1861","0.0000","0.0018","-0.0172","-1.0156","-0.1442","0.1386","0.4946","4.9678","0.0000","17.0800","10.2000","3.1145","1.3036","0.0000","12.4160","0.8100"
,"13.2829","12.9680","0.1082","0.1911","0.0000","0.0018","-0.0172","-1.0156","-0.1442","0.1386","0.4946","4.9942","0.0000","17.4200","10.2000","3.1142","1.3041","0.0000","12.4840","0.8100"
,"13.2878","12.9680","0.1035","0.1979","0.0000","0.0018","-0.0172","-1.0156","-0.1442","0.1386","0.4946","5.0207","0.0000","17.9200","10.2000","3.1164","1.3063","0.0000","12.5840","0.8100"
,"13.2926","12.9680","0.1262","0.2182","0.0000","0.0018","-0.0172","-1.0156","-0.1442","0.1386","0.4946","5.0471","0.0000","17.9200","10.2000","3.1164","1.3063","0.0000","12.5840","0.8100"
,"13.2926","12.9680","0.1262","0.2182","0.0000","0.0018","-0.0172","-1.0156","-0.1442","0.1386","0.4946","5.0471","0.0000","17.9200","10.2000","3.1164","1.3063","0.0000","12.5840","0.8100"
,"13.2926","12.9680","0.1262","0.2182","0.0000","0.0018","-0.0172","-1.0156","-0.1442","0.1386","0.4946","5.0471","0.0000","17.9200","10.2000","3.1164","1.3063","0.0000","12.5840","0.8100"
,"13.2926","12.9680","0.1262","0.2182","0.0000","0.0018","-0.0172","-1.0156","-0.1442","0.1386","0.4946","5.0471","0.0000","17.9200","10.2000","3.1164","1.3063","0.0000","12.5840","0.8100"
,"13.2926","12.9680","0.1262","0.2182","0.0000","0.0018","-0.0172","-1.0156","-0.1442","0.1386","0.4946","5.0471","0.0000","17.9200","10.2000","3.1164","1.3063","0.0000","12.5840","0.8100"
,"13.2926","12.9680","0.1262","0.2182","0.0000","0.0018","-0.0172","-1.0156","-0.1442","0.1386","0.4946","5.0471","0.0000","17.9200","10.2000","3.1164","1.3063","0.0000","12.5840","0.8100"
,"13.2926","12.9680","0.1262","0.2182","0.0000","0.0018","-0.0172","-1.0156","-0.1442","0.1386","0.4946","5.0471","0.0000","17.9200","10.2000","3.1164","1.3063","0.0000","12.5840","0.8100"
,"13.2926","12.9680","0.1262","0.2182","0.0000","0.0018","-0.0172","-1.0156","-0.1442","0.1386","0.4946","5.0471","0.0000","17.9200","10.2000","3.1164","1.3063","0.0000","12.5840","0.8100"
,"13.2926","12.9680","0.1262","0.2182","0.0000","0.0018","-0.0172","-1.0156","-0.1442","0.1386","0.4946","5.0471","0.0000","17.9200","10.2000","3.1164","1.3063","0.0000","12.5840","0.8100"
,"13.2926","12.9680","0.1262","0.2182","0.0000","0.0018","-0.0172","-1.0156","-0.1442","0.1386","0.4946","5.0471","0.0000","17.9200","10.2000","3.1164","1.3063","0.0000","12.5840","0.8100"
,"13.2926","12.9680","0.1262","0.2182","0.0000","0.0018","-0.0172","-1.0156","-0.1442","0.1386","0.4946","5.0471","0.0000","17.9200","10.2000","3.1164","1.3063","0.0000","12.5840","0.8100"
,"13.2926","12.9680","0.1262","0.2182","0.0000","0.0018","-0.0172","-1.0156","-0.1442","0.1386","0.4946","5.0471","0.0000","17.9200","10.2000","3.1164","1.3063","0.0000","12.5840","0.8100"
,"13.2926","12.9680","0.1262","0.2182","0.0000","0.0018","-0.0172","-1.0156","-0.1442","0.1386","0.4946","5.0471","0.0000","17.9200","10.2000","3.1164","1.3063","0.0000","12.5840","0.8100"
,"13.2926","12.9680","0.1262","0.2182","0.0000","0.0018","-0.0172","-1.0156","-0.1442","0.1386","0.4946","5.0471","0.0000","17.9200","10.2000","3.1164","1.3063","0.0000","12.5840","0.8100"
,"13.2926","12.9680","0.1262","0.2182","0.0000","0.0018","-0.0172","-1.0156","-0.1442","0.1386","0.4946","5.0471","0.0000","17.9200","10.2000","3.1164","1.3063","0.0000","12.5840","0.8100"
